{
    "temp":       0.643440,
    "rh":       0.191119,
    "psfc":       0.142740,
    "wnd_spd":    0.070972,
    "wnd_dir":   0.057791
}