{
    "acf_of_1": 0.9867358038292029,
    "acf_of_6": 0.8646794942859183,
    "acf_of_8": 0.8274609663215389,
    "acf_of_12": 0.765079803607322,
    "acf_of_24": 0.66911251526019133,
    "acf_of_48": 0.5229258376908635,
    "acf_of_72": 0.4636104655254728
}